query,clicks,impressions,ctr_pct,position
kubota part numbers,1,1,100.0,15
how to tell what year a kubota tractor is,0,1,0.0,44
how to tell year of kubota tractor by serial number,0,1,0.0,60
john deere dealer malaysia agriculture tractors,0,1,0.0,7
john deere malaysia agriculture,0,1,0.0,12
john deere malaysia agriculture dealer,0,1,0.0,11
john deere malaysia agriculture dealer tractors,0,1,0.0,12
john deere malaysia agriculture dealer tractors malaysia,0,1,0.0,10
john deere malaysia agriculture tractors dealer,0,4,0.0,11
john deere malaysia dealer,0,1,0.0,11
john deere malaysia dealer tractors,0,15,0.0,11.4
john deere malaysia distributor tractors,0,16,0.0,10.2
john deere malaysia tractors dealer,0,19,0.0,9.1
john deere malaysia tractors distributor,0,22,0.0,9.3
john deere parts,0,1,0.0,14
john deere tractors malaysia dealer,0,5,0.0,10.2
kubota 4400,0,1,0.0,9
kubota 5 digit serial number lookup,0,3,0.0,42
kubota engine,0,1,0.0,46
kubota l4400,0,2,0.0,14.5
kubota l4400 problems,0,8,0.0,7.9
kubota m9540,0,2,0.0,34.5
kubota malaysia tractor distributor,0,8,0.0,10.1
kubota malaysia tractors,0,4,0.0,6.8
kubota malaysia tractors distributor,0,8,0.0,10.2
kubota malaysia tractors distributor malaysia,0,5,0.0,11.2
kubota malaysia tractors official,0,1,0.0,10
kubota malaysia tractors official distributor,0,2,0.0,9
kubota malaysia tractors paddy,0,20,0.0,7.8
kubota model numbers,0,2,0.0,20.5
kubota part number,0,2,0.0,9
kubota parts by serial number,0,4,0.0,15
kubota parts by serial number lookup,0,1,0.0,9
kubota parts lookup by serial number,0,2,0.0,38
kubota serial number database,0,1,0.0,52
kubota serial number location,0,1,0.0,79
kubota serial number lookup,0,2,0.0,32
kubota serial number search,0,1,0.0,59
kubota skid steer serial number lookup,0,1,0.0,82
kubota tractor models by year,0,3,0.0,59.7
kubota tractor serial number,0,2,0.0,39.5
kubota tractor serial number location,0,1,0.0,56
kubota tractor serial number lookup,0,3,0.0,23.7
kubota tractor year by serial number,0,2,0.0,40
kubota v1505 engine rebuild kit,0,1,0.0,27
kubota v1505 injection pump rebuild kit,0,1,0.0,50
kubota year by serial number,0,1,0.0,34
kubota year by serial number lookup,0,2,0.0,50
kubota year model by serial number,0,1,0.0,59
massey ferguson dealer malaysia,0,16,0.0,6.1
massey ferguson dealer malaysia distributor,0,16,0.0,7.4
massey ferguson distributor malaysia,0,6,0.0,7.2
massey ferguson malaysia,0,11,0.0,11.9
massey ferguson malaysia dealer,0,70,0.0,6.5
massey ferguson malaysia dealer tractor,0,5,0.0,7
massey ferguson malaysia distributor,0,30,0.0,7.2
massey ferguson parts near me,0,2,0.0,7.5
minn kota parts by serial number,0,1,0.0,77
model kubota tractor,0,1,0.0,10
old kubota 5 digit serial number lookup year,0,1,0.0,53
rc25,0,1,0.0,14
serial number lookup kubota,0,1,0.0,66
serijski broj,0,1,0.0,2
sime kubota malaysia distributor tractors,0,10,0.0,9.5
sourceage,0,1,0.0,4
sourcesage,0,22,0.0,5.9
thats the serial number,0,1,0.0,9
used tractor parts malaysia,0,7,0.0,16.6
what year is my kubota tractor,0,2,0.0,41
what year is my kubota tractor by serial number,0,1,0.0,36
yanmar,0,1,0.0,1
yanmar malaysia tractors distributor,0,3,0.0,10.3
yes find part number,0,1,0.0,2
常見問題,0,1,0.0,1
